[{"@type":"mappingTemplate","id":"@1","name":"Mapping_RESTV2","description":"","autoExpireObject":false,"bundleVersion":"0","assetFrsGuid":"4BBMaauemhFhODMBQHKTkd","templateId":"@3","hasParameters":false,"valid":true,"fixedConnection":true,"hasParametersDeployed":false,"fixedConnectionDeployed":false,"isSchemaValidationEnabled":false,"tasks":0,"mappingPreviewFileRecordId":"@2","documentType":"MAPPING","references":[{"@type":"reference","refObjectId":"@1wznW399h5he7i4NSHR0We","refType":"connection"},{"@type":"reference","refObjectId":"@80nvhYtOs4zdPkfTJL68yX","refType":"connection"}]}]