[{"@type":"mappingTemplate","id":"@1","name":"Mapping_RESTV2","description":"","bundleVersion":"0","assetFrsGuid":"5JX9sAGtFKrk5RNs5E3RGm","templateId":"@3","hasParameters":false,"valid":true,"fixedConnection":true,"hasParametersDeployed":false,"fixedConnectionDeployed":false,"isSchemaValidationEnabled":false,"tasks":0,"mappingPreviewFileRecordId":"@2","documentType":"MAPPING","references":[{"@type":"reference","refObjectId":"@3QT2oKzy6srdMChn1Cl604","refType":"connection"},{"@type":"reference","refObjectId":"@6rwOPZuFUGLdroLqZj9eEm","refType":"connection"}]}]